{
  "title": "events",
  "type": "object",
  "properties": {
    "eventDate": {
      "required": true,
      "description": "Specific event date",
      "fieldType": "String",
      "dataType": "string",
      "title": "eventDate"
    },
    "eventTime": {
      "required": true,
      "description": "Event time",
      "fieldType": "String",
      "dataType": "string",
      "title": "eventTime"
    },
    "location": {
      "required": false,
      "description": "Location",
      "fieldType": "String",
      "dataType": "string",
      "title": "location"
    }
  }
}
